{"cameraMode":{"drawMode":0,"name":"Shaded","section":"Shading Mode"},"sceneLighting":false,"audioPlay":false,"sceneViewState":{"showFog":true,"showMaterialUpdate":true,"showSkybox":true,"showFlares":true,"showImageEffects":true,"showParticleSystems":true},"in2DMode":false,"pivot":{"x":-0.11485085636377335,"y":-0.061511583626270297,"z":0.09279219806194306},"rotation":{"x":0.18974478542804719,"y":-0.6908902525901794,"z":0.21607732772827149,"w":0.6633085012435913},"size":1.0100693702697755,"orthographic":false}